fecha y hora;nickname
1686703596.7388868;Franco
1686704028.8968115;Fran
1686704517.022826;Dylan777
1686704868.427089;Eve
1686705070.1730807;Jouse
1686705207.1360447;Franco
1686713011.5676885;Jouse
1686713358.1521356;Dylan777
1686713927.2531416;Josue
1686715148.9814942;Dylan777
1686715189.627027;Franco
1686716435.8269708;Josue
1686716476.0929372;Josue
1686716583.7889328;Josue
1686716629.0811656;Josue
1686716653.219502;Eve
1686716706.1312957;Fran
1686716724.2734933;Franco
1686716738.3668325;Josue
1686716789.8015382;Fran
1686716854.2125962;Eve
1686716878.341509;Josue
1686717059.0030663;Fran
1686717187.523118;Josue
1686717257.849472;Josue
1686717426.5063415;Dylan777
1686717725.7887824;Josue
1686717757.1439328;Dylan777
1686720384.881669;Dylan777
1686720434.7116177;Fran
1686720739.3156354;Eve
1686720872.4637764;Franco
1686721767.7667797;Dylan777
1686722246.6937;Dylan777
1686722313.100805;Franco
1686722519.3956022;Dylan777
1686722683.4247153;Fran
1686722971.337463;Franco
1686723097.4987767;Josue
1686723208.2736223;Fran
1686723317.9263988;Eve
1686723530.9566538;Franco
1686723590.294714;Eve
1686723660.2547083;Josue
1686723936.0236459;Dylan777
1686724017.2856178;Eve
1686724219.5311553;Dylan777
1686724261.7654848;Eve
1686764819.4469113;Eve
1686764975.8244586;Eve
1686860107.3192632;Josue
1686860222.2705963;Fran
1686860276.0991964;Josue
1686860490.470134;Josue
1686860603.7945871;Dylan777
1686860751.9892874;Josue
1686860801.4741538;Dylan777
1686860924.8282106;Josue
1686860972.099929;Josue
1686873804.3599393;Eve
1686884510.174247;Eve
1686884664.4635413;Eve
1686884776.067949;Josue
1686885590.764469;Fran
1686885679.7804708;Franco
1686885760.6244614;Dylan777
1686885903.787638;Dylan777
1686885927.5814567;Dylan777
1686885992.8602529;Josue
